IGM	CodigoMuestra	NombreEstacion	EstacionCompanero	SimboloUG	UGMapa	SubUnidad	DescripcionMuestra	NombreRoca	Localizacion	Plancha	Norte	Este	Altura	SistemaCoordenadas	Fecha	Proyecto	NombreColector	ExisteMuestra	TipoAnalisis
	ACM0397A	ACM0397	ECM0324				Se realiza reconocimiento de las insenberg ubicados sobre la playas de Santa Marta conformadas por granitoides con erosion tafoni.	Granito	Playa Salguero	11IVC	1728489	982508	3	Magna Colombia Bogotá	3/11/2019	Investigación Maritima, Costera e Insular	Andrea Carolina Matajira Pabon		DatacionesRadiometricas
	ACM0397B	ACM0397	ECM0324				Se realiza reconocimiento de las insenberg ubicados sobre la playas de Santa Marta conformadas por granitoides con erosion tafoni.	Dique	Playa Salguero	11IVC	1728489	982508	3	Magna Colombia Bogotá	3/11/2019	Investigación Maritima, Costera e Insular	Andrea Carolina Matajira Pabon		DatacionesRadiometricas
	ACM0397C	ACM0397	ECM0324				Se realiza reconocimiento de las insenberg ubicados sobre la playas de Santa Marta conformadas por granitoides con erosion tafoni.	Arena	Playa Salguero	11IVC	1728489	982508	3	Magna Colombia Bogotá	3/11/2019	Investigación Maritima, Costera e Insular	Andrea Carolina Matajira Pabon		DatacionesRadiometricas
5079458	ACM0398	ACM0398		Qlia	Depósito litoral e intermareal actual		Se realiza recorrido de reconocimiento y se reconoce erosion tafoni (tipo colmena) en granitoide rico en plagioclasa y biotita	Roca metamórifca de protolito sedimentario con diques cuarzofeldespaticos	Playa Rodadero	11IVA	1730239	983477		Magna Colombia Bogotá	3/11/2019	Investigación Maritima, Costera e Insular	Andrea Carolina Matajira Pabon		Analisis Macro
5079439	ACM0404p	ACM0404	ECM0327	e3?e4eg	Esquistos del Gaira		Afloramiento de rocas metamorficas de estructura esquistosa, esquistos hornbledicos?	esquisto hornblendico?	Vereda El Campano sobre carretera a hostal Loma Nevada-Minca	11IVD	1720771	998971	1450	Magna Colombia Bogotá	6/11/2019	Investigación Maritima, Costera e Insular	Andrea Carolina Matajira Pabon		Seccion Delgada
5079459	ACM0410P	ACM0410		e3?e4bsm	Batolito de Santa Marta		afloramiento de roca roca ignea granitoide, con bloques de rocas metamorficas y diques pegmatiticos.	granitoide	quebrada sin nombre	11IVD	1720625	997634	1295	Magna Colombia Bogotá	7/11/2019	Investigación Maritima, Costera e Insular	Andrea Carolina Matajira Pabon		Analisis Macro
5079440	ACM0410PB	ACM0410		e3?e4bsm	Batolito de Santa Marta		afloramiento de roca roca ignea granitoide, con bloques de rocas metamorficas y diques pegmatiticos.	granitoide	quebrada sin nombre	11IVD	1720625	997634	1295	Magna Colombia Bogotá	7/11/2019	Investigación Maritima, Costera e Insular	Andrea Carolina Matajira Pabon		DatacionesRadiometricas
5079460	ACM0413	ACM0413		e3?e4bsm	Batolito de Santa Marta		afloramiento pequeño constituido por granitoide	granitoide	carreteable desde el campano hacia minca	11IVD	1722423	997724	997	Magna Colombia Bogotá	7/11/2019	Investigación Maritima, Costera e Insular	Andrea Carolina Matajira Pabon		Analisis Macro
5079441	ACM0414P	ACM0414		e3?e4bsm	Batolito de Santa Marta		zona de contacto roca granitoide y roca metamorfica	cuarzodiorita, cuarcita, esquisto micaceo	carreteable desde el campano hacia minca	11IVD	1722494	997635	986	Magna Colombia Bogotá	7/11/2019	Investigación Maritima, Costera e Insular	Andrea Carolina Matajira Pabon		DatacionesRadiometricas
5079442	ACM0419P	ACM0419		e3?e4eg	Esquistos del Gaira		Afloramiento pequeño con de roca metamorfica con crenulación de estructura esquistosa, esquisto anfibolico?	esquisto micaceos	No reporta	11IVD	1723499	996692	808	Magna Colombia Bogotá	7/11/2019	Investigación Maritima, Costera e Insular	Andrea Carolina Matajira Pabon		DatacionesRadiometricas
5079443	ACM0420P	ACM0420		e3?e4bsm	Batolito de Santa Marta		Afloramiento constituido por roca metamorfica foliada y plegada de esquisto anfibolico	esquisto anfilbolico	No reporta	11IVD	1720028	996600	738	Magna Colombia Bogotá	7/11/2019	Investigación Maritima, Costera e Insular	Andrea Carolina Matajira Pabon		DatacionesRadiometricas
5079444	ACM0426P	ACM0426		e3?e4bsm	Batolito de Santa Marta		Afloramiento de roca ignea de composición cuarzodiorita de grano grueso.	cuarzodiorita	carretera ppal tomando desvio a balneario Pozo Azul	11IVD	1723222	996979	743	Magna Colombia Bogotá	9/11/2019	Investigación Maritima, Costera e Insular	Andrea Carolina Matajira Pabon		DatacionesRadiometricas
5079461	ACM0429	ACM0429		e3?e4bsm	Batolito de Santa Marta		El afloramiento consiste de granitoide con xenolitos lenticulares orientados, acompañados de diques y planos de fallas.	cuarzodiorita?	Finca La Lucy	11IVD	1725731	998597	1146	Magna Colombia Bogotá	11/11/2019	Investigación Maritima, Costera e Insular	Andrea Carolina Matajira Pabon		Analisis Macro
5079445	ACM0431P	ACM0431	ECM0332	e3?e4eg	Esquistos del Gaira		El afloramiento consiste de roca metamorfica con estructura esquistosa, y lentes (augen)	esquisto con amp y bt	cascada pequeña camino a minca	11IVD	1725309	997163	1007	Magna Colombia Bogotá	11/11/2019	Investigación Maritima, Costera e Insular	Andrea Carolina Matajira Pabon		DatacionesRadiometricas
5079446	ACM0433P	ACM0433	ECM0335	e3?e4bsm	Batolito de Santa Marta		el afloramiento se observa sobre una casacada pequeña donde de encuentra roca metamorfica bnadeada posible neis? (migmatica?)	neis?	quebrada macanilla	11IVD	1723745	998377	976	Magna Colombia Bogotá	12/11/2019	Investigación Maritima, Costera e Insular	Andrea Carolina Matajira Pabon		DatacionesRadiometricas
5079447	ACM0435P	ACM0435		e3?e4bsm	Batolito de Santa Marta		Este sector muestra una roca de composición cuarzodioritica con venas de cuarzo.	cuarzodiorita	quebrada macanilla	11IVD	1723736	998468	995	Magna Colombia Bogotá	12/11/2019	Investigación Maritima, Costera e Insular	Andrea Carolina Matajira Pabon		DatacionesRadiometricas
5079448	ACM0437P	ACM0437		e3?e4bsm	Batolito de Santa Marta		Este sector expone roca metamorfica foliada esquisto anfibolico? cortado por venas de cuarzo	esquisto anfibolico?	via ppal MincaSanta Marta	11IVD	1723724	998506	1039	Magna Colombia Bogotá	12/11/2019	Investigación Maritima, Costera e Insular	Andrea Carolina Matajira Pabon		Seccion Delgada
5079449	ACM0446PA	ACM0446	ECM0344	e3?e4bsm	Batolito de Santa Marta		El afloramiento muestra dos tipos de rocas esquisto y ventanas de cuarzodioritas	esquisto	No reporta	11IVD	1724241	992227	368	Magna Colombia Bogotá	14/11/2019	Investigación Maritima, Costera e Insular	Andrea Carolina Matajira Pabon		DatacionesRadiometricas
5079450	ACM0446PB	ACM0446	ECM0344	e3?e4bsm	Batolito de Santa Marta		El afloramiento muestra dos tipos de rocas esquisto y ventanas de cuarzodioritas	esquisto	No reporta	11IVD	1724241	992227	368	Magna Colombia Bogotá	14/11/2019	Investigación Maritima, Costera e Insular	Andrea Carolina Matajira Pabon		Seccion Delgada
5079451	ACM0446PC	ACM0446	ECM0344	e3?e4bsm	Batolito de Santa Marta		El afloramiento muestra dos tipos de rocas esquisto y ventanas de cuarzodioritas	esquisto	No reporta	11IVD	1724241	992227	368	Magna Colombia Bogotá	14/11/2019	Investigación Maritima, Costera e Insular	Andrea Carolina Matajira Pabon		Analisis Macro
5079452	ACM0459P	ACM0459		e3?e4bsm	Batolito de Santa Marta		El afloramiento consta de cuarzodiorita con diques pegmatiticos, afectados por zonas de fallas que contienen estrias de falla	cuarzodiorita	No reporta	11IVD	1723621	994213	555	Magna Colombia Bogotá	19/11/2019	Investigación Maritima, Costera e Insular	Andrea Carolina Matajira Pabon		Seccion Delgada
5079462	ACM0466	ACM0466		e3?e4bsm	Batolito de Santa Marta		El afloramiento consiste principalmente de cuarzodiorita  	cuarzodiorita	Carretera principal	11IVC	1720979	983981	25	Magna Colombia Bogotá	19/11/2019	Investigación Maritima, Costera e Insular	Andrea Carolina Matajira Pabon		Analisis Macro
5079453	ACM0469P	ACM0469	ECM0353	e3?e4eg	Esquistos del Gaira		El afloramiento consiste de esquistos con foliacion en dirección NS con diques de cuarzodiorita. 	esquisto	Afloramiento sobre carretera central Via Cienaga	11IVC	1722754	983795	13	Magna Colombia Bogotá	19/11/2019	Investigación Maritima, Costera e Insular	Andrea Carolina Matajira Pabon		Seccion Delgada
5079454	ACM0473P	ACM0473		e3?e4bsm	Batolito de Santa Marta		en este sector se encuentra monticulos de cuarzodiorita? altamente meteorizado localmente se aprecian xenolitos 	cuarzodiorita	No reporta	11IVC	1726096	983904	7	Magna Colombia Bogotá	20/11/2019	Investigación Maritima, Costera e Insular	Andrea Carolina Matajira Pabon		DatacionesRadiometricas
5079947	AMC1215P	AMC1215	VMM015	t5I4msps	Metamorfitas de San pedro de la Sierra		Roca con textura fina, de color gris lugero , estructura esquistosa, con presencia de laminas con diametros de 5mm a 1cm,  leucraticas  constituidas de cuarzo, plagioclasa; y melanocraticas copuestas  de clorita, epidota, anfiboles; minerales alterados. 	Esquisto micaceo	Sector el Mico _ Via San Pedro de la Sierra	18IVB	1696827	998140	866	Magna Colombia Bogotá	17/9/2021	Investigación Maritima, Costera e Insular	Ana Milena Cardozo Ortiz _ Viviana Monsalve		Seccion Delgada
5079948	AMC1218P	AMC1218	VMM018	t5I4msps	Metamorfitas de San pedro de la Sierra		Roca metamorfica, textura fina, con laminas de 2mm de diametro y venas de cuarzo obliacuas a la folicaciòn, se evidencia una umento en el contenido de Cuarzo y feldespato con relaciòn a el componente micaceo.	Esquisto  cuarzo feldespatico ?	Sector la Florida  _ Via hacia la Q. Santa Clara	18IVB	1697732	998892	769	Magna Colombia Bogotá	17/9/2021	Investigación Maritima, Costera e Insular	Ana Milena Cardozo Ortiz _ Viviana Monsalve		Seccion Delgada
5079949	AMC1219P	AMC1219	VMM019	t5I4msps	Metamorfitas de San pedro de la Sierra		Roca metamorfica con balstos de 1 _ 4 mm de diametros, euhedrales,  abundantes minerales maficos; estaurolita, granates, biotita.	Milonita	Cauce de la Q. Santa Clara	18IVB	1698006	998918	679	Magna Colombia Bogotá	17/9/2021	Investigación Maritima, Costera e Insular	Ana Milena Cardozo Ortiz _ Viviana Monsalve		Seccion Delgada
5079950	AMC1230P	VMM0030	AMC1230	t5I4msps	Metamorfitas de San pedro de la Sierra		Roca metamorfica con textura fina a media y estructura esquistosa; está constituída principalmente por feldespatos, cuarzo, estaurolita, biotita, clorita, epidota y granate. Se observa replegamiento con los planos axiales concordantes a la foliación	Esquisto micáceo con estaurolita?	Cauce de La Quebrada Tirabuzón	18IVB	1697924	998579	658	Magna Colombia Bogotá	18/9/2021	Investigación Maritima, Costera e Insular	Ana Milena Cardozo Ortiz _ Viviana Monsalve		Seccion Delgada
5079951	AMC1235P	AMC1235	VMM0035				roca metamorfica, fracturada, sus fracturas se encuentrna rellenas de oxidos de hierro, de textura media, con estructura gneisica, presenta bandas melanocraticas	neiss anfibolico ?	sector Bello Horizonte	19IIIA	1698255	1000516	1284	Magna Colombia Bogotá	20/9/2021	Investigación Maritima, Costera e Insular	Ana Milena Cardozo Ortiz _ Viviana Monsalve		Seccion Delgada
5079953	AMC1241P	AMC1241	VMM0041	e3?e4eg	Esquistos del Gaira		roca de textura media, foliada, localmente evidencia de augen, compuesta de Qz 20%, Fd: 10%, Anfiboles 15%, biotita 15%, epidota 5%,  variaciones composicionales de esquistos miloniticos, a gneises cuarzo feldespaticos. 	esquistos miloniticos	Sector La Aguja	18IID	1703413	991892	83	Magna Colombia Bogotá	22/9/2021	Investigación Maritima, Costera e Insular	Ana Milena Cardozo Ortiz _ Viviana Monsalve		Seccion Delgada
5079954	AMC1245P	VMM0045	AMC1245	e3?e4eg	Esquistos del Gaira		Roca con estructura esquistosa y granulación fina a media, constituida por cuarzo (30_ 35%), feldespato (15_ 20%), biotita (15_ 20%), moscovita (< 5%), entre otros minerales no diferenciados. Venas de cuarzo cortadas y desplazadas por fracturas	Esquisto micáceo	Cauce de La Quebrada La Aguja	18IID	1703463	990993	96	Magna Colombia Bogotá	23/9/2021	Investigación Maritima, Costera e Insular	Ana Milena Cardozo Ortiz _ Viviana Monsalve		Seccion Delgada
5079956	AMC1250P	VMM0050	AMC1250	e3?e4eg	Esquistos del Gaira		Roca de estructura esquistosa y granulación fina, compuesta por cuarzo (35_ 45%), biotita (30_ 35%), feldespato (10%), moscovita (5%) y otros minerales no identificados. Vena de cuarzo concordante con la foliación (3 cm)	Esquisto	Vía La Pampa_ Nueva Unión	18IID	1705729	994885	560	Magna Colombia Bogotá	23/9/2021	Investigación Maritima, Costera e Insular	Ana Milena Cardozo Ortiz _ Viviana Monsalve		Seccion Delgada
5079957	AMC1261P	AMC1261	VMM0061	e3?e4bsm	Batolito de Santa Marta		Roca Ignea faneritica, holocristalina, hipidiomorfica a halotromorfica, inequigranular, compuesto de cuarzo hialino (12_20%), feldespato 30_35%), biotitas (15%), Anfiboles (10%), epidota  	Granitoide	Quebrada Mateo	18IID	1706621	988697	34	Magna Colombia Bogotá	25/9/2021	Investigación Maritima, Costera e Insular	Ana Milena Cardozo Ortiz _ Viviana Monsalve		Seccion Delgada
5079958	AMC1266P	AMC1266	VMM0066	e3?e4eg	Esquistos del Gaira		Roca de Textura media a gruesa, foliada, con bandas que van de 10 a 30 cms, de composicion esquistosa  micacea a cuarzo feldespàtica. con clivaje sobre impuesto	Esquistos biotitos _ cuarzo feldespatos en bandas	Camino que desde la parte alta conduce a la escuela Nueva Union	18IID	1705769	996569	523	Magna Colombia Bogotá	27/9/2021	Investigación Maritima, Costera e Insular	Ana Milena Cardozo Ortiz _ Viviana Monsalve		Seccion Delgada
5079959	AMC1270P	AMC1270		e3?e4eg	Esquistos del Gaira		Roca metamorfica de textura muy fina , foliada,  con laminas milimètricas,  y presencia de venas de cuarzo de forma lenticular, algunas presentan deformaciòn ductil.	Esquisto  	Camino que desde la parte alta conduce a la escuela Nueva Union	18IID	1706235	995687	336	Magna Colombia Bogotá	27/9/2021	Investigación Maritima, Costera e Insular	Ana Milena Cardozo Ortiz _ Viviana Monsalve		DatacionesRadiometricas
5079960	AMC1272P	AMC1272	VMM0072	b4e1ft	Filitas de Taganga		roca metamorfica, textrua muy fina , esquistosa,  venas de cuarzo concordantes con la foliaciòn, composicion de cloritas  y en menor proporciòn cuarzos, presenta epidota y granates.	Esquisto cloritico	Playa acuario _ rodadero	11IVA	1732220	982742	7	Magna Colombia Bogotá	28/9/2021	Investigación Maritima, Costera e Insular	Ana Milena Cardozo Ortiz _ Viviana Monsalve		Seccion Delgada
5080086	AMC1378PDR	AMC1378	GPT0003				Roca metamorfica foliada, textura neisica a granofelsica,  granoblastica, compuesta por Plag 75%, Anf 15% alterando a epidota. moscovita, oxidos de hierro, minerales opacos	Plagioclasita Neisisca	margen izquierdo desde la via a Palmor hacia el sector la Bodega	18IVD	1680149	1000114	321	Magna Colombia Bogotá	3/5/2022	Investigación Maritima, Costera e Insular	Ana Milena Cardozo y Germán Pardo Torres		Analisis Macro
5080084	AMC1382P	AMC1382	GPT0007	MPNP3gm	Granulita de los Mangos		Roca metamorfica de textura neisica, levemente folada, granonematoblastica, de tonalidades gris verdosa, compuesta por Qz 50%, maficos 45% (Amp, Bt, Mn op), Py 3%, oxidos de hierro en patinas.	Neiss de cuarzo y anfibol	Margen derecho aguas abajo Q. Caribe	18IVD	1682259	999698	216	Magna Colombia Bogotá	4/5/2022	Investigación Maritima, Costera e Insular	Ana Milena Cardozo y Germán Pardo Torres		Seccion Delgada
5080076	AMC1386DR	AMC1386	GPT0011	MPNP3gm	Granulita de los Mangos		Roca metamorfica, foliada, nematoblasticas, bandas centimetricas constituidas por maficos 85%, Plg 3%, micas 10% (cloritas - Biotitas), sulfuros diseminados.	Neiss anfibolico 	Margen derecho que de San pedro de la Sierra conduce a Cerro Kennedy	18IVB	1696432	999153	944	Magna Colombia Bogotá	5/5/2022	Investigación Maritima, Costera e Insular	Ana Milena Cardozo y Germán Pardo Torres		Seccion Delgada
5080088	AMC1387DR	AMC1387	GPT0012	t5I4msps	Metamorfitas de San pedro de la Sierra		Roca metamorfica, foliada, textura esquistosa, maficos 80% (biottias y anfiboles), cuarzo 10%, Fds (5%), sulfuros diseminados	Esquisto anfibolico	Margen derecho que de San pedro de la Sierra conduce a Cerro Kennedy	18IVB	1696689	998478	884	Magna Colombia Bogotá	5/5/2022	Investigación Maritima, Costera e Insular	Ana Milena Cardozo y Germán Pardo Torres		Seccion Delgada
5080077	AMC1389DR	AMC1389	GPT0014	t5I4msps	Metamorfitas de San pedro de la Sierra		Roca con proceso de recristalizaciòn, levemente foliada, granoblastica, Qz 60%, Plag 20%, micas 15%, accesorios 5%, min Opacos, oxidos de hierro	Neiss de cuarzo y plagioclasa	Margen derecho de la via desde san pedro de la sierra a la via principal	18IVB	1695884	996700	633	Magna Colombia Bogotá	10/5/2022	Investigación Maritima, Costera e Insular	Ana Milena Cardozo y Germán Pado Torres		Seccion Delgada
5080079	AMC1391DR	AMC1391	GPT0016	j4?j6b1?nb	Neis de Buritaca		Roca neissica, anfibol 50%, cuarzo 25%, micas 10%, oxidos y opacos 10%, plag 5%, 	Neiss de cuarzo y anfbol	Margen derecho de la via que desde San Pedro de la Sierra conduce a la via principal	18IVB	1694810	995694	436	Magna Colombia Bogotá	11/5/2022	Investigación Maritima, Costera e Insular	Ana Milena Cardozo y Germán Pado Torres		Seccion Delgada
5080082	AMC1391DR2	AMC1391	GPT0016	j4?j6b1?nb	Neis de Buritaca		Roca Fracturada, con procesos de recristalizaciòn, se evidencia dos litologias; 1. cuarcita en contacto con roca de textura nematoblastica, neisica, milonitica, con augen, anfibol 50%, cuarzo 25%, micas 10%, min opacos 10%, plag 5%, oxidos de hierro.	Neis augen de anfibol y cuarzo	Margen derecho de la via que desde San Pedro de la Sierra conduce a la via principal	18IVB	1694810	995694	436	Magna Colombia Bogotá	10/5/2022	Investigación Maritima, Costera e Insular	Ana Milena Cardozo y Germán Pardo Torres		Analisis Macro
5080075	AMC1399DRX	AMC1399	NCC0033	e3?e4bsm	Batolito de Santa Marta		Muestra de la roca Tonalitica en contacto con el dique pegmatitico	tonalitas	Costado Sur del rio Toribio	18IIB	1713169	989641	98	Magna Colombia Bogotá	12/5/2022	Investigación Maritima, Costera e Insular	Ana Milena Cardozo y Natalia Cabrera Claros		Seccion Delgada
5080087	AMC1403DR	AMC1403	GPT0027	e3?e4eg	Esquistos del Gaira		Roca metamorfica, textura esquistosa , lepidoblastica, laminas milimetricas, micas 60%, cuarzo 30%, min opacos 10%, 	Esquisto micaceo	Sector la secreta , margen derecho de la via que conduce a el sector la Tortuga , quebrada la Aguja	18IID	1701605	992747	525	Magna Colombia Bogotá	13/5/2022	Investigación Maritima, Costera e Insular	Ana Milena Cardozo y Germán Pado Torres		Seccion Delgada
5080080	AMC1408DR	AMC1408	GPT0035	b4e1ft	Filitas de Taganga		Rocas con eventos de recristalización, foliada, con laminas de cuarzo lechoso y hialino, con evidencia de metamorfismo dinámico, Cuarzo (40%), maficos (50%) Silice (5-10%), oxidos de hierro. Venas lenticulares y plegadas de cuarzo lechosos	Ultracataclasita ?	Via Neguanje	11IID	1743496	998082	43	Magna Colombia Bogotá	16/5/2022	Investigación Maritima, Costera e Insular	Ana Milena Cardozo y Germán Pardo Torres		DatacionesRadiometricas
5080081	AMC1408P	AMC1408	GPT0035	b4e1ft	Filitas de Taganga		Rocas con eventos de recristalización, foliada, con laminas de cuarzo lechoso y hialino, con evidencia de metamorfismo dinámico, Cuarzo (40%), maficos (50%) Silice (5-10%), oxidos de hierro. Venas lenticulares y plegadas de cuarzo lechosos	Ultracataclasita ?	Via Neguanje	11IID	1743496	998082	43	Magna Colombia Bogotá	16/5/2022	Investigación Maritima, Costera e Insular	Ana Milena Cardozo y Germán Pardo Torres		Bioestratigrafia
5080078	AMC1409DRP	AMC1409	GPT0036	b4e1ft	Filitas de Taganga		Afloramiento sobre acantilado. Roca con fabrica esquistiso, tamaño grano muy fino a fino. La roca mantiene caracteristcas de la estructura sedimentaria del protolito.	Esquistos cloriticos	Playa Placerito	11IID	1744707	997712	1	Magna Colombia Bogotá	17/5/2022	Investigación Maritima, Costera e Insular	Ana Milena Cardozo y Germán Pardo Torres		Seccion Delgada
5080083	AMC1409P	AMC1409	GPT0036	b4e1ft	Filitas de Taganga		Afloramiento sobre acantilado. Roca con fabrica esquistiso, tamaño grano muy fino a fino. La roca mantiene caracteristcas de la estructura sedimentaria del protolito.	Esquistos cloriticos	Playa Placerito	11IID	1744707	997712	1	Magna Colombia Bogotá	17/5/2022	Investigación Maritima, Costera e Insular	Ana Milena Cardozo y Germán Pardo Torres		Seccion Delgada
5080440	APN0719P	APN0719	ECM0604	q1q3lpi	Formación La Popa segmento inferior		Caliza (packstone)	Caliza (packstone)	En cercanías de lla esquina sureste del CC Miramar-Barranquilla	17IIC	1708346	917411	147	Magna Colombia Bogotá	12/7/2022	Investigación Maritima, Costera e Insular	Alejandro Patiño		Seccion Delgada
	APN0720P	APN0720	ECM0605	q1q3lpi	Formación La Popa segmento inferior		Arcillolitas	Arcillolitas	Cra 43 hacia la Circunvalar, Barrrio Miramar, Barranquilla	17IIC	1708001	917144	70	Magna Colombia Bogotá	12/7/2022	Investigación Maritima, Costera e Insular	Alejandro Patiño	Si	Bioestratigrafia
	APN0743P	APN0743	ECC0267	Qft	Depósito fluviotorrencial		Esquisto cuarzo feldespático con biotita y moscovita, a la base del afloramiento falla inversa dextral, diques pegmatiticos con biotita.	Esquistos	Barrio Altos del Reposo	11IVB	1734433	988538	24	Magna Colombia Bogotá	20/8/2022	Investigación Maritima, Costera e Insular	Alejandro Patiño Elizabeth Cortes 		Seccion Delgada
	APN0751P	APN0751	ECC0275	e3?e4eg	Esquistos del Gaira		Esquistos cuarzo biotíticos replegados con venas de cuarzo menor a 5 cm paralelas a la foliación.	Esquistos cuarzo biotíticos	Vía Minca El Campano	11IVD	1723493	996699	746	Magna Colombia Bogotá	24/8/2022	Investigación Maritima, Costera e Insular	Alejandro Patiño Elizabeth Cortes 		Seccion Delgada
	APN0757P	APN0757	ECC00281	e3?e4bsm	Batolito de Santa Marta		4 m de alto por 15 m de ancho de granodiorita moderadamente meteorizada de grano grueso, foliada; venas de cuarzo de 5 cm de espesor y dique pegmatítico de 1.5 m de diámetro. 	Granodiorita	Vía Santa Marta - Riohacha	11IVB	1734898	994562	52	Magna Colombia Bogotá	25/8/2022	Investigación Maritima, Costera e Insular	Elizabeth Cortes Alejandro Patiño		Seccion Delgada
5079497	AREC0001	ARO0565		e3?e4pl	Plutón de Latal		Rocas texturas faneriticas, grano grueso, color verde oscura, compuesta por máficos (Anf), Bt, Ep, Qt, moderadamente alterada con parches rojos de óxidos y otra con Pl.	Xenoliito de diorita y Tonalita	Carreteable Vereda la Mohana	11IVB	1690044	998867	345	Magna Colombia Bogotá	4/5/2021	Investigación Maritima, Costera e Insular	Angela Rincón y Edgar Carrillo		Seccion Delgada
5079498	AREC0002	ARO0565		e3?e4pl	Plutón de Latal		Rocas texturas faneriticas, grano grueso, color verde oscura, compuesta por máficos (Anf), Bt, Ep, Qt, moderadamente alterada con parches rojos de óxidos y otra con Pl.	Xenoliito de diorita y Tonalita	Carreteable Vereda la Mohana	11IVB	1690044	998867	345	Magna Colombia Bogotá	4/5/2021	Investigación Maritima, Costera e Insular	Angela Rincón y Edgar Carrillo		Seccion Delgada
5079502	ARO0565A	ARO0565	ECC0088	e3?e4pl	Plutón de Latal		Roca ignea con textura fanerítica de grano medio compuesto por Anf (80%), Ol (14%), Px (5%, Pl (10%)	Hornblentita con Pl, Tonalita, Granodiorita	Carreteable Vereda la Mohana	18IVB	1690044	998867	345	Magna Colombia Bogotá	8/5/2021	Investigación Maritima, Costera e Insular	Angela Rincón y Elizabeth Cortes		Analisis Macro
5079503	ARO0565B	ARO0565	ECC0088	e3?e4pl	Plutón de Latal		Roca ignea con textura fanerítica de grano medio compuesto por Anf (80%), Ol (14%), Px (5%, Pl (10%)	Hornblentita con Pl, Tonalita, Granodiorita	Carreteable Vereda la Mohana	18IVB	1690044	998867	345	Magna Colombia Bogotá	8/5/2021	Investigación Maritima, Costera e Insular	Angela Rincón y Elizabeth Cortes		Analisis Macro
5079500	ARO0567	ARO0567	LBV5007, ECC0085	MPNP3gm	Granulita de los Mangos		Roca metamorfica Leucocratica, afanitica con máficos Anfiboles 	Neis anortositico	Quebrada la caribe en la finca la mina	18IVD	1681907	999337	131	Magna Colombia Bogotá	7/5/2021	Investigación Maritima, Costera e Insular	Angela Rincón, Luis Bernal y Elizabeth Cortes		Seccion Delgada
5079504	ARO0570	ARO0570	ECC0089	e3?e4pl	Plutón de Latal		Roca ignea con textura fanerítica hipidiomorfica, inequigranular compuesto por Qz (21%), Anf (3%), Bt (8%), Pl (65%)	Granodiorita con moscovita	Carreteable Vereda la Mohana	18IVB	1690049	998811	362	Magna Colombia Bogotá	8/5/2021	Investigación Maritima, Costera e Insular	Angela Rincón y Elizabeth Cortes		DatacionesRadiometricas
5079568	ARO0578	ARO0578	ECC0099, LBV5017	e3?e4bsm	Batolito de Santa Marta		Roca ignea plutonica faneritica gruesa, hipidiomorfica, inequigranular compuesta por Pl (25%), Qz (45%), Anf (20%), Bt (10%)	Cuarzodiorita	Río Toribio	18IIB	1713891	992426	241	Magna Colombia Bogotá	10/5/2021	Investigación Maritima, Costera e Insular	Luis Bernal, Elizabeth Cortes y Angela Rincón		Seccion Delgada
5079496	CG2001P2	CG2001		Qlia	Depósito litoral e intermareal actual		Depósitos disgregados de costras de antiguas arenas de playa conformados por cuarzo, feldespatos y materia orgámica	Depósitos disgregados de costras de antiguas arenas de playa conformados por cuarzo, feldespatos y materia orgámica	Sector Barra Vieja antigua vía al Inderena	18ID	1705493	959391	2	Magna Colombia Bogotá	6/11/2019	Investigación Maritima, Costera e Insular	Leopoldo Gonzalez _ Edgar Carrillo		Seccion Delgada
5079604	CMA0005P	CMA0005	JDF0096	q1q3lpi	Formación La Popa segmento inferior		Sedimentaria, capas muy gruesas de calizas tipo rudstone. Fragmentos de conchas desarticuladas de bivalvos y moldes internos, también se indentifican rodolitos de algas	Rudstone de conchas de bivalvos	Cantera Munarriz, Zona de Puerto Colombia	17IIC	1709526	910896	36	Magna Colombia Bogotá	7/5/2021	Investigación Maritima, Costera e Insular	Carlos Mario Alarcón		Seccion Delgada
5079463	ECC0004P	ECC0004	PAR0012	e3?e4bsm	Batolito de Santa Marta		Xenolito máfico foliado de anfibolita	Anfibolita	Camino hacia las Cascadas de Marinca	11IVD	1721322	995531	797	Magna Colombia Bogotá	5/11/2019	Investigación Maritima, Costera e Insular			Seccion Delgada
5079464	ECC0007Pa	ECC0007	PAR0015	e3?e4bsm	Batolito de Santa Marta		Cuarzodiorita fanerítica media a gruesa, leucocratica, inequigranular, con nidos de anfibol. Atravezada por diques pegmatíticos	Roca ígnea, cuarzodiorita	Recorrido Minca hacía la vereda San Cayetano, Casa Elemento, Minca. Carreteable Casa Elemento	11IVD	1720274	994977	1127	Magna Colombia Bogotá	7/11/2019	Investigación Maritima, Costera e Insular			Seccion Delgada
5079465	ECC0007Pb	ECC0007	PAR0015	e3?e4bsm	Batolito de Santa Marta		Cuarzodiorita fanerítica media a gruesa, leucocratica, inequigranular, con nidos de anfibol. Atravezada por diques pegmatíticos	Roca ígnea, cuarzodiorita	Recorrido Minca hacía la vereda San Cayetano, Casa Elemento, Minca. Carreteable Casa Elemento	11IVD	1720274	994977	1127	Magna Colombia Bogotá	7/11/2019	Investigación Maritima, Costera e Insular			Seccion Delgada
5079466	ECC0007Pc	ECC0007	PAR0015	e3?e4bsm	Batolito de Santa Marta		Cuarzodiorita fanerítica media a gruesa, leucocratica, inequigranular, con nidos de anfibol. Atravezada por diques pegmatíticos	Roca ígnea, cuarzodiorita	Recorrido Minca hacía la vereda San Cayetano, Casa Elemento, Minca. Carreteable Casa Elemento	11IVD	1720274	994977	1127	Magna Colombia Bogotá	7/11/2019	Investigación Maritima, Costera e Insular			Seccion Delgada
5079467	ECC0012P	ECC0012	PAR0021	e3?e4bsm	Batolito de Santa Marta		Cuarzodiorita alterada con abundante biotita, faneritica media	Roca ígnea, cuarzodiorita	Recorrido Minca hacía la vereda San Cayetano, Casa Elemento, Minca. Carreteable Casa Elemento	11IVD	1725558	995471	524	Magna Colombia Bogotá	11/11/2019	Investigación Maritima, Costera e Insular			DatacionesRadiometricas
5079468	ECC0013Pa	ECC0013	PAR0022	e3?e4bsm	Batolito de Santa Marta		Cuarzodiorita, faneritica gruesa, con xenolitos maficos (anfibol?)	Cuarzodiorita	Vía Vereda La Trigrera	11IVD	1725798	994958	417	Magna Colombia Bogotá	11/11/2019	Investigación Maritima, Costera e Insular			Seccion Delgada
5079469	ECC0013Pb	ECC0013	PAR0022	e3?e4bsm	Batolito de Santa Marta		Cuarzodiorita, faneritica gruesa, con xenolitos maficos (anfibol?)	Cuarzodiorita	Vía Vereda La Trigrera	11IVD	1725798	994958	417	Magna Colombia Bogotá	11/11/2019	Investigación Maritima, Costera e Insular			Seccion Delgada
5079470	ECC0014P	ECC0014	PAR0023	e3?e4bsm	Batolito de Santa Marta		Cuarzodiorita, faneritica gruesa, color verdoso	Cuarzodiorita	Vía Vereda La Trigrera	11IVD	1726070	994962	405	Magna Colombia Bogotá	11/11/2019	Investigación Maritima, Costera e Insular			Seccion Delgada
5079471	ECC0018P	ECC0018	PAR0026	e3?e4bsm	Batolito de Santa Marta		Cuarzodiorita levemente foliada	Cuarzodiorita	Carreteable que se desprende de la carretera central hacia Vda El Porvenir	11IVD	1728517	993162	222	Magna Colombia Bogotá	12/11/2019	Investigación Maritima, Costera e Insular			Seccion Delgada
5079472	ECC0019P	ECC0019	PAR0027	e3?e4bsm	Batolito de Santa Marta		Cuarzodiorita, fanerítica media con mayor contenido de anfibol que de biotita. Presencia de xenolitos máficos	Cuarzodiorita	Carreteable que se desprende de la carretera central hacia Vda El Porvenir	11IVD	1728824	992840	176	Magna Colombia Bogotá	12/11/2019	Investigación Maritima, Costera e Insular			Seccion Delgada
5079473	ECC0020P	ECC0020	PAR0028	e3?e4bsm	Batolito de Santa Marta		Cuarzodiorita faneritica media a gruesa.	Cuarzodiorita	Carreteable que se desprende de la carretera central hacia Vda El Porvenir	11IVD	1729294	998191	393	Magna Colombia Bogotá	12/11/2019	Investigación Maritima, Costera e Insular			DatacionesRadiometricas
5079474	ECC0021Pa	ECC0021	PAR0029	e3?e4bsm	Batolito de Santa Marta		Cuarzodiorita atravezada por diques pegmatíticos constituidos por cuarzo, plagioclasa y moscovita. La plagioclasa es de color verde manzana.	Cuarzodiorita	Carreteable que se desprende de la carretera central hacia Vda El Porvenir	11IVD	1729137	998133	376	Magna Colombia Bogotá	13/11/2019	Investigación Maritima, Costera e Insular			Seccion Delgada
5079475	ECC0021Pb	ECC0021	PAR0029	e3?e4bsm	Batolito de Santa Marta		Cuarzodiorita atravezada por diques pegmatíticos constituidos por cuarzo, plagioclasa y moscovita. La plagioclasa es de color verde manzana.	Cuarzodiorita	Carreteable que se desprende de la carretera central hacia Vda El Porvenir	11IVD	1729137	998133	376	Magna Colombia Bogotá	13/11/2019	Investigación Maritima, Costera e Insular			Seccion Delgada
5079476	ECC0022P	ECC0022	PAR0030	Qfla	Depósito fluviolacustre actual		Cuarzodiorita , fanerítica gruesa, muy diaclasado la mayoria con dirección NE-SW-	Cuarzodiorita	Pozo del Amor	11IVB	1730587	998814	322	Magna Colombia Bogotá	13/11/2019	Investigación Maritima, Costera e Insular			Seccion Delgada
5079477	ECC0025P	ECC0025	PAR0033	e3?e4bsm	Batolito de Santa Marta		Cuarzodiorita , fanerítica gruesa, muy diaclasada y fracturada	Cuarzodiorita	Carreteable paralelo al Río Gaira	11IVD	1727916	988303	49	Magna Colombia Bogotá	14/11/2019	Investigación Maritima, Costera e Insular			Seccion Delgada
5079478	ECC0026Pa	ECC0026	PAR0034	Qfla	Depósito fluviolacustre actual		Cuarzodiorita , fanerítica media, diaclasada, ausencia de venas	Cuarzodiorita	Carreteable paralelo al Río Gaira	11IVD	1727916	988303	49	Magna Colombia Bogotá	14/11/2019	Investigación Maritima, Costera e Insular			Seccion Delgada
5079479	ECC0026Pb	ECC0026	PAR0034	Qfla	Depósito fluviolacustre actual		Cuarzodiorita , fanerítica media, diaclasada, ausencia de venas	Cuarzodiorita	Río Gaira	11IVD	1727611	988912	55	Magna Colombia Bogotá	14/11/2019	Investigación Maritima, Costera e Insular			Seccion Delgada
5079480	ECC0027	ECC0027		Qc	Depósito coluvial		Cuarzodiorita con foliación magmatica, fanerítica gruesa, con xenolitos maficos sin foliacion interna.	Cuarzodiorita	Río Gaira	11IVD	1727538	989088	58	Magna Colombia Bogotá	14/11/2019	Investigación Maritima, Costera e Insular			Seccion Delgada
5079481	ECC0036P	ECC0036	PAR0044	e3?e4bsm	Batolito de Santa Marta		Cuazodiorita fanerítica gruesa, con cristales centimétricos a milimetricos, presencia de xenolitos redondeados con coronas de reacción.	Cuarzodiorita	Reserva Natural Mamancana	11IVD	1724145	985576	99	Magna Colombia Bogotá	15/11/2019	Investigación Maritima, Costera e Insular			Seccion Delgada
5079482	ECC0040P	ECC0040	PAR0048	e3?e4bsm	Batolito de Santa Marta		Deposito reciente de sedimento consolidado, aproxiamadamente de 30 mts de altura, color amarillo ocre, arena grano decreciente con estratificacion plana paralela en láminas milimétricas a centimétricas.	Deposito reciente	Cantera	11IVB	1730029	990871	78	Magna Colombia Bogotá	15/11/2019	Investigación Maritima, Costera e Insular			Seccion Delgada
5079483	ECC0049Pa	ECC0049	PAR0057	Qfla	Depósito fluviolacustre actual		Cuarzodiorita leucocratica, fanerítica fina, inequigranular, con presencia de xenolitos de formas irregulares, melanocráticos. La roca en general se presenta muy diaclasada	Cuarzodiorita	Rio Gaira	11IVD	1725258	990494	181	Magna Colombia Bogotá	16/11/2019	Investigación Maritima, Costera e Insular			Seccion Delgada
5079484	ECC0049Pb	ECC0049	PAR0057	Qfla	Depósito fluviolacustre actual		Cuarzodiorita leucocratica, fanerítica fina, inequigranular, con presencia de xenolitos de formas irregulares, melanocráticos. La roca en general se presenta muy diaclasada	Cuarzodiorita	Rio Gaira	11IVD	1725258	990494	181	Magna Colombia Bogotá	16/11/2019	Investigación Maritima, Costera e Insular			Seccion Delgada
5079485	ECC0049Pc	ECC0049	PAR0057	Qfla	Depósito fluviolacustre actual		Cuarzodiorita y enclaves máficos de grano fino y fneríticos de grano grueso	Cuarzodiorita y enclaves máficos de grano fino y fneríticos de grano grueso	Río Gaira	11IVD	1725258	990494	181	Magna Colombia Bogotá	16/11/2019	Investigación Maritima, Costera e Insular			Seccion Delgada
5079486	ECC0055P	ECC0055	PAR0063				Cuarzodiorita fanerítica media, leucocrática, hipidiomorfica, con foliacion magmática producida por orientacion de las plagioclasas.	Cuarzodiorita	Nacimiento de la Quebrada El Pozo del Amor	11IVD	1001361	728484	774	Magna Colombia Bogotá	18/11/2019	Investigación Maritima, Costera e Insular			Seccion Delgada
5079487	ECC0060P	ECC0060	PAR0068	e3?e4bsm	Batolito de Santa Marta		Cuarzodiorita fanerítica media a fina, color crema, con abundante biotita y poco anfibol, como producto de alteracion se presenta una arena amarilla, deleznable.	Cuarzodiorita	Camino que conduce a la Finca Las Mesitas	11IVD	1726624	999509	751	Magna Colombia Bogotá	18/11/2019	Investigación Maritima, Costera e Insular			Seccion Delgada
5079488	ECC0064P	ECC0064	PAR0072	Qfla	Depósito fluviolacustre actual		Cantos hasta de 5 mts de tamaño, son cuarzodioritas crema con tonos rosados por la alteración de los feldespatos.	Cuarzodiorita	Río Manzanares	11IVD	1729428	997765	324	Magna Colombia Bogotá	19/11/2019	Investigación Maritima, Costera e Insular			Seccion Delgada
5079489	ECC0066P	ECC0066	PAR0074	e3?e4bsm	Batolito de Santa Marta		Cuarzodiorita, faneritica, inequigranular, color crema, muy fracturada y atravezada por venas cuarzosasde grosor entre 2 cm y 10 cm.	Cuarzodiorita saprolitizado	Portón azul vía a Minca por Bachicha	11IVD	1729211	991975	115	Magna Colombia Bogotá	20/11/2019	Investigación Maritima, Costera e Insular			Seccion Delgada
5079490	ECC0067P	ECC0067	PAR0075	e3?e4bsm	Batolito de Santa Marta		Cuerpo igneo de cuarzodiorita, faneritica media, muy fracturada, alterada y deleznable, esta atravezada por diaclasas y venas rellenas de cuarzo, de grosor 37 cm.	Cuarzodiorita	Recorrido 20 de Octubre - Bachicha	11IVD	1729211	991975	115	Magna Colombia Bogotá	20/11/2019	Investigación Maritima, Costera e Insular			Seccion Delgada
5079491	ECC0068Pa	ECC0068	PARA0076	e3?e4bsm	Batolito de Santa Marta		Cuarzodiorita leucocratica, fanerítica gruesa, inequigranular, con venas pegmatiticas de cuarzo, plagioclasa y moscovita.	Cuarzodiorita	Alrrededores del Corregimiento de Minca	11IVD	1723668	995696	617	Magna Colombia Bogotá	20/11/2019	Investigación Maritima, Costera e Insular			Seccion Delgada
5079492	ECC0068Pb	ECC0068	PARA0076	e3?e4bsm	Batolito de Santa Marta		Cuarzodiorita leucocratica, fanerítica gruesa, inequigranular, con venas pegmatiticas de cuarzo, plagioclasa y moscovita.	Cuarzodiorita	Alrrededores del Corregimiento de Minca	11IVD	1723236	995647	642	Magna Colombia Bogotá	20/11/2019	Investigación Maritima, Costera e Insular			Seccion Delgada
5079493	ECC0069Pa	ECC0069	PAR0077	e3?e4bsm	Batolito de Santa Marta		Saprolito, color rojo ladrillo, producto de alteracion de la cuarzodiorita, textura arcillo-limosa, con alto contenido de oxido de hierro.	Saprolito de cuarzodiorita	Alrrededores del Corregimiento de Minca	11IVD	1722649	995405	683	Magna Colombia Bogotá	20/11/2019	Investigación Maritima, Costera e Insular			Seccion Delgada
5079494	ECC0069Pb	ECC0069	PAR0077	e3?e4bsm	Batolito de Santa Marta		Saprolito, color rojo ladrillo, producto de alteracion de la cuarzodiorita, textura arcillo-limosa, con alto contenido de oxido de hierro.	Saprolito de cuarzodiorita	Alrrededores del Corregimiento de Minca	11IVD	1722649	995405	683	Magna Colombia Bogotá	20/11/2019	Investigación Maritima, Costera e Insular			Seccion Delgada
5079495	ECC0072P	ECC0072	PAR0079	e3?e4bsm	Batolito de Santa Marta		Cuarzodiorita color blanco amarillento, fanerítica gruesa, inequigranular, hipidiomorfica, muy diclasada. Hay presencia de xenolitos de composicion dioritico, atravezados por venas rellenas de cuarzo	Cuarzodiorita	Cruce de la carretera con la quebrada Arimaca	11IVD	1721337	995265	780	Magna Colombia Bogotá	20/11/2019	Investigación Maritima, Costera e Insular	Andrea Carolina Matajira Pabon		Seccion Delgada
5079512	ECC0077	ECC0077	MGG0063				Afloramiento natural,debilmente meteorizado de roca metamorfica bandeada, de neises cuarzo feldespáticos, con cristales gruesos, muy diaclasados y fracturados.	Neis cataclastico	Transecta 1. Via El Pozon_ La Bodega.	19IIIC	1680038	1001857	473	Magna Colombia Bogotá	5/5/2021	Investigación Maritima, Costera e Insular	Milton Galvis & Elizabeth Cortés		Seccion Delgada
5079513	ECC0080	ECC0080	MGG0066	MP2NP3 PH?	Gnéis anortosítico		Afloramiento de roca ignea plutónica, fresca, maciza, algo fracturada, faneritica media.	Anortosita	Via El Pozón a Sevilla, margen izquierda.	18IVD	1680135	999716	230	Magna Colombia Bogotá	5/5/2021	Investigación Maritima, Costera e Insular	Elizabeth Cortés & Milton Galvis		Seccion Delgada
5079514	ECC0082	ECC0082	MGG0068	MP2NP3 PH?	Gnéis anortosítico		Afloramiento de roca plutónica, altamente meteorizada, fanerítica media,holocristalina, hipidiomorfica, equigranular .	Hornblendita con plagioclasa.	Via El Pozón a Sevilla, margen izquierda.	18IVD	1680205	999519	214	Magna Colombia Bogotá	5/5/2021	Investigación Maritima, Costera e Insular	Elizabeth Cortés & Milton Galvis		Seccion Delgada